{"playerPosition":{"x":-3.3783881664276125,"y":0.34438905119895937,"z":0.0},"score":"Score:"}