{"playerPosition":{"x":46.0528450012207,"y":0.3427485227584839,"z":0.0},"score":"Score:"}