{"playerPosition":{"x":26.1129150390625,"y":3.6481282711029054,"z":0.0},"score":"0","playerHealth":20.0}