{"playerPosition":{"x":12.107367515563965,"y":-0.6557857990264893,"z":0.0},"score":"0","playerHealth":100.0}