{"playerPosition":{"x":4.327585220336914,"y":0.34354162216186526,"z":0.0},"score":"Score:"}