{"playerPosition":{"x":3.707533121109009,"y":0.34444135427474978,"z":0.0},"score":"30","playerHealth":100.0}