{"playerPosition":{"x":16.80620765686035,"y":0.3434305787086487,"z":0.0},"score":"Score:"}