{"playerPosition":{"x":2.5978291034698488,"y":0.3678909242153168,"z":0.0},"score":"15","playerHealth":100.0}